threshold,precision,recall,f1,f2,mcc,pr_auc,roc_auc,tp,fp,tn,fn,n,pos,neg
0.9945585131645203,0.9848484848484849,0.6842105263157895,0.8074534161490683,0.7286995515695068,0.820648634389379,0.8171348385156545,0.9699499892694792,65,1,56650,30,56746,95,56651
