{
  "policy": "max_f1",
  "criterion": "max_f1",
  "selected_row": {
    "threshold": 0.9945585131645203,
    "precision": 1.0,
    "recall": 0.8723404255319149,
    "f1": 0.9318181818181819,
    "f2": 0.8951965065502183
  }
}