{
  "threshold": 0.9945585131645203,
  "precision": 0.9848484848484849,
  "recall": 0.6842105263157895,
  "f1": 0.8074534161490683,
  "f2": 0.7286995515695068,
  "mcc": 0.820648634389379,
  "pr_auc": 0.8171348385156545,
  "roc_auc": 0.9699499892694792,
  "tp": 65,
  "fp": 1,
  "tn": 56650,
  "fn": 30,
  "n": 56746,
  "pos": 95,
  "neg": 56651
}