,count,mean,std,min,1%,5%,25%,50%,75%,95%,99%,max,skew,kurtosis
Time,284807.0,94813.85957508067,47488.14595456617,0.0,2422.0,25297.600000000002,54201.5,84692.0,139320.5,164143.40000000002,170560.94,172792.0,-0.0355676180063216,-1.2935300508989838
Amount,284807.0,88.34961925093133,250.1201092401885,0.0,0.12,0.92,5.6,22.0,77.16499999999999,365.0,1017.9700000000012,25691.16,16.977724453761024,845.0926455465277
