accuracy,precision,recall,f1,roc_auc,average_precision
0.9731784111468784,0.05265357292101964,0.8873239436619719,0.09940828402366864,0.9663346121257768,0.6876784932967857
