threshold,precision,recall,f1,f2,mcc,pr_auc,roc_auc,tp,fp,tn,fn,n,pos,neg
0.1278926283121109,0.8279569892473119,0.8105263157894737,0.8191489361702128,0.813953488372093,0.8188953863050699,0.8171348385156545,0.9699499892694792,77,16,56635,18,56746,95,56651
