{
  "threshold": 0.1278926283121109,
  "precision": 0.8279569892473119,
  "recall": 0.8105263157894737,
  "f1": 0.8191489361702128,
  "f2": 0.813953488372093,
  "mcc": 0.8188953863050699,
  "pr_auc": 0.8171348385156545,
  "roc_auc": 0.9699499892694792,
  "tp": 77,
  "fp": 16,
  "tn": 56635,
  "fn": 18,
  "n": 56746,
  "pos": 95,
  "neg": 56651
}