{
  "policy": "precision_constraint",
  "criterion": "precision_constraint(>= 0.8)",
  "selected_row": {
    "threshold": 0.1278926283121109,
    "precision": 0.803921568627451,
    "recall": 0.8723404255319149,
    "f1": 0.8367346938775511,
    "f2": 0.8577405857740585
  }
}