{
  "threshold": 0.0884,
  "cases": [
    {
      "name": "true_positive",
      "index": 18427,
      "true_label": 1,
      "predicted_prob": 0.9999979734420776
    },
    {
      "name": "true_negative",
      "index": 49260,
      "true_label": 0,
      "predicted_prob": 8.333795875614669e-08
    },
    {
      "name": "borderline",
      "index": 53293,
      "true_label": 0,
      "predicted_prob": 0.08873743563890457
    }
  ]
}