{
  "threshold": 0.09704277664422989,
  "precision": 0.8105263157894737,
  "recall": 0.8105263157894737,
  "f1": 0.8105263157894737,
  "f2": 0.8105263157894737,
  "mcc": 0.8102085808862945,
  "pr_auc": 0.8171348385156545,
  "roc_auc": 0.9699499892694792,
  "tp": 77,
  "fp": 18,
  "tn": 56633,
  "fn": 18,
  "n": 56746,
  "pos": 95,
  "neg": 56651
}