threshold,precision,recall,f1,f2,mcc,pr_auc,roc_auc,tp,fp,tn,fn,n,pos,neg
0.09704277664422989,0.8105263157894737,0.8105263157894737,0.8105263157894737,0.8105263157894737,0.8102085808862945,0.8171348385156545,0.9699499892694792,77,18,56633,18,56746,95,56651
