{
  "policy": "cost_based",
  "criterion": "min_cost(fp=1.0, fn=20.0)",
  "selected_row": {
    "threshold": 0.09704277664422989,
    "precision": 0.7636363636363637,
    "recall": 0.8936170212765957,
    "f1": 0.8235294117647058,
    "f2": 0.8641975308641976,
    "cost": 113.0
  }
}