{
  "meta": {
    "source_path": "data\\data_raw\\creditcard.csv",
    "file_size_bytes": 150828752,
    "sha256": "76274b691b16a6c49d3f159c883398e03ccd6d1ee12d9d8ee38f4b4b98551a89",
    "created_at_utc": "2025-10-20T01:29:12Z",
    "log_level": "INFO",
    "bins_used": "auto",
    "images_format": "png",
    "amount_nans_filled": 0
  },
  "shape": {
    "rows": 283726,
    "cols": 31
  },
  "target": "Class",
  "nulls_total": 0,
  "nulls_per_col": {
    "Time": 0,
    "V1": 0,
    "V2": 0,
    "V3": 0,
    "V4": 0,
    "V5": 0,
    "V6": 0,
    "V7": 0,
    "V8": 0,
    "V9": 0,
    "V10": 0,
    "V11": 0,
    "V12": 0,
    "V13": 0,
    "V14": 0,
    "V15": 0,
    "V16": 0,
    "V17": 0,
    "V18": 0,
    "V19": 0,
    "V20": 0,
    "V21": 0,
    "V22": 0,
    "V23": 0,
    "V24": 0,
    "V25": 0,
    "V26": 0,
    "V27": 0,
    "V28": 0,
    "Amount": 0,
    "Class": 0
  },
  "duplicates": 0,
  "invalid_checks": {
    "amount_negative": 0,
    "time_negative": 0
  },
  "amount_profile": {
    "count": 283726,
    "mean": 88.47268731099723,
    "std": 250.39943711577337,
    "min": 0.0,
    "max": 25691.16,
    "skew": 16.978803370060476,
    "kurtosis": 844.4713194906487,
    "q01": 0.12,
    "q05": 0.92,
    "q25": 5.6,
    "q50": 22.0,
    "q75": 77.51,
    "q95": 365.33750000000003,
    "q99": 1018.965,
    "non_negative_ratio": 1.0,
    "empty": false
  },
  "scaling": {
    "chosen": "logz",
    "params": {
      "method": "logz",
      "pre": "log1p",
      "mean_after_log": 3.153760486359831,
      "std_after_log": 1.6570770843299265
    },
    "images": {
      "original_hist": "reports/figures/week6/hist_amount_original.png",
      "scaled_hist": "reports/figures/week6/hist_amount_logz.png"
    }
  }
}